{"hierarchy":{"top_level":6,"1":{"insts":{"PM2":4,"NM2":3,"NM0":3,"PM3":4,"R0":5,"NM3":3,"NM1":2,"NM5":3,"PM0":4,"PM1":4}},"10":{"insts":{"PM2":4,"NM2":3,"NM0":3,"PM3":4,"R0":5,"NM3":3,"NM1":2,"NM5":3,"PM1":4,"PM0":4}},"6":{"insts":{"PM10":4,"R3":5,"R1":5,"I5":10,"V0":8,"NM14":3,"PM9":4,"R4":5,"NM0":3,"PM3":4,"R5":5,"R0":5,"I4":10,"NM3":3,"PM8":4,"PM2":4,"NM2":3,"V1":7,"C3":9,"NM4":3,"PM7":4,"R2":5,"NM1":3,"NM5":3,"R9":5,"PM5":4,"R8":5,"PM4":4,"NM7":3,"R15":5,"PM0":4,"PM1":4}}},"modelMap":{"vsource":[7,8],"Final_5OTA_LDO":[1],"resistor":[5],"capacitor":[9],"nfet_g5v0d10v5":[3],"_sub1":[10],"nfet_01v8":[2],"pfet_g5v0d10v5":[4]},"cellviews":[["EE_140_240A_Final_Project","Final_5OTA_LDO","schematic"],["sky130_fd_pr_main","nfet_01v8","spectre"],["sky130_fd_pr_main","nfet_g5v0d10v5","spectre"],["sky130_fd_pr_main","pfet_g5v0d10v5","spectre"],["analogLib","res","spectre"],["EE_140_240A_Final_Project","Final-BGR-adcref","schematic"],["analogLib","vpulse","spectre"],["analogLib","vdc","spectre"],["analogLib","cap","spectre"],["EE_140_240A_Final_Project","Final_5OTA_LDO-adc","schematic"]]}
