{"hierarchy":{"1":{"insts":{"E0":2,"R0":3}},"23":{"insts":{"X_DREG":21,"X_AREG":20,"X_BGR":17,"X_ADC":11,"X_MUX":16,"X_PGA":15,"X_DIV4":22}},"30":{"insts":{"I11":12,"I3":28,"I14":29,"I6":28,"I32":16,"I10":12,"I0":26,"I13":29,"I17":29,"I38":12,"I7":16,"I9":12,"I15":29,"I2":28,"I25":16,"I4":28,"I8":16,"I24":12,"I12":29,"I16":29,"I23":12,"I28":28,"I36":26}},"27":{"insts":{"I11":26,"I3":26,"I14":26,"I6":26,"I10":26,"I0":26,"I13":26,"I17":26,"I7":26,"I15":26,"I18":26,"I2":26,"I4":26,"I5":26,"I8":26,"I1":26,"I12":26,"I16":26}},"24":{"insts":{"MP1":6,"MN1":5,"MP2":6,"MN2":5}},"14":{"insts":{"I0":13,"I1":4}},"12":{"insts":{"MP1":6,"ne":5,"MN1":5,"MP2":6,"MN2":5,"pe":6}},"top_level":32,"29":{"insts":{"I3":4,"I0":14,"I2":12,"I4":4,"I1":12}},"17":{"insts":{"V1":19,"V0":18}},"7":{"insts":{"W0":8,"W1":8}},"22":{"insts":{"E0":2}},"20":{"insts":{"E0":2}},"15":{"insts":{"I11":14,"C8":10,"I9":4,"I13":4,"C7":10,"I5":12,"W2":8,"I12":14,"W9":8,"W7":8,"X_AMP":1,"I4":12,"W6":8,"W3":8,"W8":8,"W5":8,"C4":10,"W4":8,"C6":10,"W0":8,"I3":12,"W1":8,"I6":14,"I10":4,"C5":10}},"26":{"insts":{"MN16":5,"MN15":5,"MN6":5,"MP10":6,"MP2":6,"MN11":5,"MP4":6,"MP7":6,"MP8":6,"MP11":6,"MN14":5,"MN8":5,"MN4":5,"MN7":5,"I2":4,"MN13":5,"MP6":6,"MN9":5,"MP5":6,"MN5":5,"MP14":6,"MP13":6,"MP3":6,"MP12":6,"I1":4,"MP1":6,"I3":4,"MN12":5,"MN1":5,"MP9":6,"I0":4,"MN2":5,"MN3":5,"MN10":5}},"31":{"insts":{"I6":4,"X_FSM":30,"I5":4,"X_PGACLKGEN":25,"X_SAR":27}},"28":{"insts":{"W0":8,"W1":8,"I0":4}},"13":{"insts":{"MP1":6,"MN1":5,"MP2":6,"MN2":5}},"16":{"insts":{"W0":8,"W1":8,"I0":4,"W5":8,"I1":4,"W3":8,"W4":8,"W2":8}},"4":{"insts":{"ne":5,"pe":6}},"25":{"insts":{"C0":10,"C2":10,"I3":4,"C1":10,"I6":4,"C3":10,"I0":24,"I7":24,"I9":4,"C4":10,"C5":10,"I2":4,"I4":4,"I5":4,"I8":4}},"21":{"insts":{"E0":2}},"9":{"insts":{"I11":4,"I27":7,"I34":7,"C8":10,"I32":7,"I33":7,"I13":4,"C7":10,"I26":7,"I9":4,"I5":4,"E1":2,"I12":4,"I29":7,"C2":10,"I30":7,"I14":4,"E3":2,"E6":2,"E0":2,"I2":4,"I4":4,"C3":10,"I17":4,"I15":4,"E4":2,"C4":10,"I8":4,"C6":10,"I16":4,"I28":7,"C0":10,"I3":4,"W0":8,"E8":2,"C1":10,"I6":4,"E5":2,"I10":4,"I31":7,"I7":4,"E7":2,"C5":10,"E2":2}},"32":{"insts":{"X_STUDENT":23,"V0":34,"E1":2,"I22":33,"X_GSI":31,"E3":2,"E0":2,"E6":2,"NM0":35,"R0":3,"V1":18,"E10":2,"E4":2,"V2":34,"C0":10,"E8":2,"E5":2,"E11":2,"V5":19,"V3":18,"E7":2,"E9":2,"E12":2,"V4":18,"E2":2}},"11":{"insts":{"X_COMP":1,"X_CAPDAC":9}}},"modelMap":{"VBATDIV4_mockup":[22],"relay":[8],"BGR_mockup":[17],"capdac_mockup":[9],"SAR_FSM_HW":[30],"DFRRSHDX0_dupe":[26],"vcvs":[2],"nfet_01v8":[35],"opamp_mockup":[1],"AND2HDX0_dupe":[12],"invr_dupe":[4],"resistor":[3],"clk_nonoverlapping":[25],"isource":[33],"EE140_Sp20_digital":[31],"EE140_Sp20_studentMockup":[23],"NA2HDX0_dupe":[24],"mux2_mockup":[28],"AREG_mockup":[20],"ne":[5],"switch2_mockup":[7],"PGA_mockup":[15],"nor2_dupe":[13],"ADC_mockup":[11],"mux_mockup":[16],"vsource":[19,18,34],"XNOR_gate":[29],"capacitor":[10],"pe":[6],"SAR_DFF":[27],"DREG_mockup":[21],"OR2HDX0_dupe":[14]},"cellviews":[["ee140_gsi","opamp_mockup","schematic"],["analogLib","vcvs","spectre"],["analogLib","res","spectre"],["ee140_gsi","invr_dupe","schematic"],["PRIMLIB","ne","spectre"],["PRIMLIB","pe","spectre"],["ee140_gsi","switch2_mockup","schematic"],["analogLib","switch","spectre"],["ee140_gsi","capdac_mockup","schematic"],["analogLib","cap","spectre"],["ee140_gsi","ADC_mockup","schematic"],["ee140_gsi","AND2HDX0_dupe","schematic"],["ee140_gsi","nor2_dupe","schematic"],["ee140_gsi","OR2HDX0_dupe","schematic"],["ee140_gsi","PGA_mockup","schematic"],["ee140_gsi","mux_mockup","schematic"],["ee140_gsi","BGR_mockup","schematic"],["analogLib","vpulse","spectre"],["analogLib","vdc","spectre"],["ee140_gsi","AREG_mockup","schematic"],["ee140_gsi","DREG_mockup","schematic"],["ee140_gsi","VBATDIV4_mockup","schematic"],["ee140_gsi","EE140_Sp20_studentMockup","schematic"],["ee140_gsi","NA2HDX0_dupe","schematic"],["ee140_gsi","clk_nonoverlapping","schematic"],["ee140_gsi","DFRRSHDX0_dupe","schematic"],["ee140_gsi","SAR_DFF","schematic"],["ee140_gsi","mux2_mockup","schematic"],["ee140_gsi","XNOR_gate","schematic"],["ee140_gsi","SAR_FSM_HW","schematic"],["ee140_gsi","EE140_Sp20_digital","schematic"],["ee140_gsi","zz_EE140_Sp20_system","schematic"],["analogLib","ipulse","spectre"],["analogLib","vsource","spectre"],["sky130_fd_pr_main","nfet_01v8","spectre"]]}
