{"hierarchy":{"top_level":1,"1":{"insts":{"PM10":6,"V0":4,"R1":2,"NM14":3,"PM9":6,"NM0":3,"PM3":6,"NM15":3,"R0":2,"R5":2,"NM3":3,"PM2":6,"V1":7,"NM4":3,"PM6":6,"NM16":3,"I18":8,"R2":2,"NM5":3,"PM5":6,"PM4":6,"NM7":3,"R15":2,"PM1":6,"PM0":6}},"8":{"insts":{"PM2":6,"NM2":3,"NM0":3,"PM3":6,"R0":2,"NM3":3,"NM1":9,"NM5":3,"PM0":6,"PM1":6}}},"modelMap":{"Final_5OTA_LDO":[8],"npn_05v5_W1p00L1p00":[10],"resistor":[2],"vsource":[7,4],"capacitor":[5],"nfet_g5v0d10v5":[3],"nfet_01v8":[9],"pfet_g5v0d10v5":[6]},"cellviews":[["EE_140_240A_Final_Project","Final-BGR","schematic"],["analogLib","res","spectre"],["sky130_fd_pr_main","nfet_g5v0d10v5","spectre"],["analogLib","vdc","spectre"],["analogLib","cap","spectre"],["sky130_fd_pr_main","pfet_g5v0d10v5","spectre"],["analogLib","vpulse","spectre"],["EE_140_240A_Final_Project","Final_5OTA_LDO","schematic"],["sky130_fd_pr_main","nfet_01v8","spectre"],["sky130_fd_pr_main","npn_05v5","spectre"]]}
