{"hierarchy":{"58":{"insts":{"I6":37,"X_FSM":57,"X_PGACLKGEN":52,"I5":37,"X_SAR":54}},"1":{"insts":{"ne":2,"pe":3}},"48":{"insts":{"I11":37,"I46":67,"C8":6,"I41":67,"I9":37,"I13":37,"C7":6,"I5":37,"E1":19,"I12":37,"C2":6,"I14":37,"E3":19,"I39":67,"E6":19,"E0":19,"I42":67,"I4":37,"I2":37,"I40":67,"I44":67,"C3":6,"I17":37,"I8":37,"I15":37,"C4":6,"E4":19,"I47":67,"C6":6,"I16":37,"C0":6,"I3":37,"I6":37,"C1":6,"E8":19,"I45":67,"E5":19,"I10":37,"I7":37,"C5":6,"E7":19,"I43":67,"I48":68,"E2":19}},"52":{"insts":{"C2":6,"C0":6,"I3":37,"C1":6,"I6":37,"C3":6,"I7":51,"I0":51,"I9":37,"C5":6,"C4":6,"I8":37,"I5":37,"I4":37,"I2":37}},"71":{"insts":{"PM10":73,"V0":27,"R1":20,"NM14":72,"PM9":73,"NM0":72,"PM3":73,"NM15":72,"R0":20,"R5":20,"NM3":72,"PM2":73,"V1":26,"NM4":72,"PM6":73,"NM16":72,"I18":74,"R2":20,"NM5":72,"PM5":73,"PM4":73,"NM7":72,"R15":20,"PM1":73,"PM0":73}},"83":{"insts":{"C0":6,"I45":71,"V1":26,"R6":20,"R1":20,"V0":27,"R15":20,"I28":74,"PM1":73}},"23":{"insts":{"X_COMP":18,"X_CAPDAC":22}},"41":{"insts":{"I11":39,"C8":6,"I26":62,"I9":37,"I13":37,"C7":6,"I5":36,"I22":62,"I12":39,"I29":68,"I23":62,"I21":62,"I30":68,"I4":36,"I19":62,"I17":40,"I20":62,"I18":60,"C4":6,"C6":6,"I3":36,"I6":39,"I10":37,"I25":62,"C5":6,"I24":62}},"53":{"insts":{"MN16":2,"MN15":2,"MN6":2,"MP10":3,"MP2":3,"MN11":2,"MP4":3,"MP7":3,"MP8":3,"MP11":3,"MN14":2,"MN4":2,"MN8":2,"MN7":2,"I2":37,"MP6":3,"MN13":2,"MN9":2,"MP5":3,"MP14":3,"MN5":2,"MP13":3,"MP3":3,"MP12":3,"I1":37,"MP1":3,"I3":37,"MN12":2,"MP9":3,"MN1":2,"I0":37,"MN2":2,"MN3":2,"MN10":2}},"30":{"insts":{"E0":19}},"70":{"insts":{"I3":68,"I6":68,"I7":68,"I0":37,"I2":68,"I4":68,"I5":68,"I1":37}},"24":{"insts":{"I11":14,"C8":6,"I9":1,"I13":1,"C7":6,"I5":12,"W2":10,"I12":14,"W9":10,"W7":10,"X_AMP":18,"I4":12,"W6":10,"W3":10,"W8":10,"W5":10,"C4":6,"W4":10,"C6":6,"W0":10,"I3":12,"W1":10,"I6":14,"I10":1,"C5":6}},"14":{"insts":{"I0":13,"I1":1}},"12":{"insts":{"MP1":3,"ne":2,"MN1":2,"MP2":3,"MN2":2,"pe":3}},"50":{"insts":{"X_DREG":45,"X_BGR":43,"X_AREG":44,"X_ADC":49,"X_PGA":41,"I8":70,"X_DIV4":46}},"56":{"insts":{"I3":37,"I0":39,"I2":36,"I4":37,"I1":36}},"67":{"insts":{"PM2":61,"NM2":33,"NM0":33,"PM3":61,"NM3":33,"NM1":33,"PM1":61,"PM0":61}},"38":{"insts":{"MP1":3,"MN1":2,"MP2":3,"MN2":2}},"80":{"insts":{"PM10":73,"R3":20,"R1":20,"I5":81,"NM14":72,"PM9":73,"R4":20,"NM0":72,"PM3":73,"R0":20,"I4":81,"R5":20,"NM3":72,"PM8":73,"PM2":73,"NM2":72,"C3":6,"NM4":72,"PM7":73,"R2":20,"NM5":72,"NM1":72,"R9":20,"PM5":73,"R8":20,"PM4":73,"NM7":72,"PM1":73,"PM0":73}},"top_level":59,"29":{"insts":{"E0":19}},"17":{"insts":{"I6":1,"X_FSM":16,"I5":1,"X_PGACLKGEN":5,"X_SAR":8}},"39":{"insts":{"I0":38,"I1":37}},"22":{"insts":{"I11":1,"I27":21,"I34":21,"C8":6,"I32":21,"I33":21,"I13":1,"C7":6,"I26":21,"I9":1,"I5":1,"E1":19,"I12":1,"I29":21,"C2":6,"I30":21,"I14":1,"E3":19,"E6":19,"E0":19,"I2":1,"I4":1,"C3":6,"I17":1,"I15":1,"E4":19,"C4":6,"I8":1,"C6":6,"I16":1,"I28":21,"C0":6,"I3":1,"W0":10,"E8":19,"C1":6,"I6":1,"E5":19,"I10":1,"I31":21,"I7":1,"E7":19,"C5":6,"E2":19}},"51":{"insts":{"MP1":3,"MN1":2,"MP2":3,"MN2":2}},"60":{"insts":{"PM10":61,"PM13":61,"R1":20,"PM11":61,"PM12":61,"NM9":33,"PM9":61,"NM0":33,"PM3":61,"NM11":33,"R0":20,"NM3":33,"PM15":61,"NM2":33,"NM4":33,"PM6":61,"PM7":61,"NM8":33,"NM1":33,"NM5":33,"C1":6,"PM5":61,"PM14":61,"PM4":61,"NM7":33,"PM0":61,"PM1":61}},"7":{"insts":{"MN16":2,"MN15":2,"MN6":2,"MP10":3,"MP2":3,"MN11":2,"MP4":3,"MP7":3,"MP8":3,"MP11":3,"MN14":2,"MN8":2,"MN4":2,"MN7":2,"I2":1,"MN13":2,"MP6":3,"MN9":2,"MP5":3,"MN5":2,"MP14":3,"MP13":3,"MP3":3,"MP12":3,"I1":1,"MP1":3,"I3":1,"MN12":2,"MN1":2,"MP9":3,"I0":1,"MN2":2,"MN3":2,"MN10":2}},"8":{"insts":{"I11":7,"I3":7,"I14":7,"I6":7,"I10":7,"I0":7,"I13":7,"I17":7,"I7":7,"I15":7,"I18":7,"I2":7,"I4":7,"I5":7,"I8":7,"I1":7,"I12":7,"I16":7}},"15":{"insts":{"I3":1,"I0":14,"I2":12,"I4":1,"I1":12}},"45":{"insts":{"I8":75}},"46":{"insts":{"R1":20,"R0":20,"E1":19}},"5":{"insts":{"C0":6,"C2":6,"I3":1,"C1":6,"I6":1,"C3":6,"I0":4,"I7":4,"I9":1,"C4":6,"C5":6,"I2":1,"I4":1,"I5":1,"I8":1}},"66":{"insts":{"I27":37,"I30":37,"NM10":64,"NM12":65,"NM13":65,"NM6":64,"NM15":65,"NM8":64,"NM11":65,"NM7":64,"I28":37,"I29":37,"NM14":65,"NM5":64,"NM9":64}},"31":{"insts":{"X_DREG":29,"X_AREG":28,"X_BGR":25,"X_ADC":23,"X_MUX":11,"X_PGA":24,"X_DIV4":30}},"28":{"insts":{"E0":19}},"13":{"insts":{"MP1":3,"MN1":2,"MP2":3,"MN2":2}},"44":{"insts":{"C2":6,"I6":76,"E5":19}},"49":{"insts":{"I6":40,"X_CAPDAC":48,"I9":69}},"69":{"insts":{"PM2":61,"I3":37,"NM2":33,"NM4":33,"NM0":33,"PM6":61,"PM3":61,"I0":37,"I2":37,"NM3":33,"I1":37,"PM1":61,"PM0":61,"NM1":33,"NM5":33}},"62":{"insts":{"NM0":33,"I1":37,"PM0":61}},"68":{"insts":{"NM0":33,"I1":37,"PM0":61}},"81":{"insts":{"PM2":73,"NM2":72,"NM0":72,"PM3":73,"R0":20,"NM3":72,"NM1":33,"NM5":72,"PM0":73,"PM1":73}},"54":{"insts":{"I11":53,"I3":53,"I14":53,"I6":53,"I10":53,"I17":53,"I13":53,"I7":53,"I0":53,"I18":53,"I15":53,"I8":53,"I5":53,"I4":53,"I2":53,"I1":53,"I16":53,"I12":53}},"84":{"insts":{"PM2":61,"V2":27,"C1":6,"NM6":33,"IPRB0":85,"PM5":61,"NM4":33,"PM3":61,"PM4":61,"PM6":61,"V3":27,"V5":27,"R1":20,"V8":27,"NM3":33,"V4":27,"NM1":33,"NM5":33,"PM0":61,"PM1":61,"PM8":61}},"16":{"insts":{"I11":12,"I3":9,"I14":15,"I6":9,"I32":11,"I10":12,"I0":7,"I13":15,"I17":15,"I38":12,"I7":11,"I9":12,"I15":15,"I2":9,"I25":11,"I4":9,"I8":11,"I24":12,"I12":15,"I16":15,"I23":12,"I28":9,"I36":7}},"40":{"insts":{"E0":19,"R0":20}},"43":{"insts":{"I9":71,"V0":27}},"4":{"insts":{"MP1":3,"MN1":2,"MP2":3,"MN2":2}},"42":{"insts":{"W0":10,"W1":10,"I0":37,"W5":10,"W4":10,"W3":10,"I1":37,"W2":10}},"75":{"insts":{"R6":20,"R1":20,"C6":6,"PM0":73,"I40":71,"I28":74}},"55":{"insts":{"W0":10,"W1":10,"I0":37}},"77":{"insts":{"NM2":72,"NM0":72,"NM1":72,"PM1":73,"PM0":73}},"25":{"insts":{"V1":27,"V0":26}},"63":{"insts":{"NM0":65,"NM1":65,"PM0":64,"PM1":64}},"21":{"insts":{"W0":10,"W1":10}},"59":{"insts":{"X_STUDENT":50,"V0":35,"E1":19,"X_GSI":58,"I22":34,"E3":19,"E0":19,"E6":19,"R0":20,"V1":26,"E10":19,"E4":19,"V2":35,"C0":6,"V6":26,"E8":19,"E5":19,"E11":19,"V5":27,"E7":19,"E9":19,"E12":19,"V4":26,"E2":19}},"18":{"insts":{"E0":19,"R0":20}},"36":{"insts":{"MP1":3,"ne":2,"MN1":2,"MP2":3,"MN2":2,"pe":3}},"47":{"insts":{"W0":10,"W1":10}},"37":{"insts":{"ne":2,"pe":3}},"76":{"insts":{"I49":74,"R6":20,"R1":20,"I47":77,"PM1":73}},"78":{"insts":{"PM2":73,"Q1":79,"NM2":72,"R3":20,"PM5":73,"R4":20,"NM0":72,"PM3":73,"PM4":73,"PM6":73,"I4":77,"R0":20,"R1":20,"R2":20,"NM1":72,"PM0":73,"PM1":73,"Q0":79}},"9":{"insts":{"W0":10,"W1":10,"I0":1}},"32":{"insts":{"X_STUDENT":31,"V0":35,"E1":19,"X_GSI":17,"I22":34,"E3":19,"NM0":33,"E6":19,"E0":19,"R0":20,"V1":26,"E10":19,"E4":19,"V2":35,"C0":6,"E8":19,"E5":19,"E11":19,"V5":27,"V3":26,"E9":19,"E7":19,"V4":26,"E12":19,"E2":19}},"11":{"insts":{"W0":10,"W1":10,"I0":1,"W5":10,"I1":1,"W3":10,"W4":10,"W2":10}},"57":{"insts":{"I3":55,"I11":36,"I6":55,"I14":56,"I32":42,"I10":36,"I7":42,"I38":36,"I9":36,"I17":56,"I13":56,"I0":53,"I4":55,"I2":55,"I25":42,"I8":42,"I15":56,"I24":36,"I28":55,"I23":36,"I16":56,"I12":56,"I36":53}},"74":{"insts":{"PM2":73,"NM2":72,"NM0":72,"PM3":73,"R0":20,"NM3":72,"NM1":33,"NM5":72,"PM1":73,"PM0":73}}},"modelMap":{"pfet_01v8_lvt":[64],"VBATDIV4_mockup":[30,46],"iprobe":[85],"relay":[10],"fc_two_stage":[84],"BGR_mockup":[25,43],"SAR_FSM_HW":[57,16],"capdac_mockup":[22,48],"DFRRSHDX0_dupe":[53,7],"vccs":[82],"vcvs":[19],"opamp_mockup":[18,40],"nfet_01v8":[33],"AND2HDX0_dupe":[12,36],"_sub2":[81],"buffer":[63],"invr_dupe":[37,1],"clk_nonoverlapping":[52,5],"Final_5OTA_LDO":[74],"npn_05v5_W1p00L1p00":[79],"resistor":[20],"strongarm":[69],"isource":[34],"EE_140_240A_Sp25_Student_Submission":[31,50],"comparator":[66],"pfet_01v8":[61],"nfet_g5v0d10v5":[72],"Final_LDO_VDDDA":[76],"NA2HDX0_dupe":[51,4],"mux2_mockup":[55,9],"_sub0":[83],"ne":[2],"AREG_mockup":[28,44],"switch2_mockup_schematic":[47],"switch2_mockup":[21],"PGA_mockup":[24,41],"final_project_schematics_2_stage_folded_schematic":[60],"_sub1":[80,71],"mux_mockup_non_ideal":[70],"bgr":[78],"pga_switches":[62],"nor2_dupe":[13,38],"switch2_mockup_non_ideal":[67],"ADC_mockup":[23,49],"mux_mockup":[11,42],"Final_LDO":[75],"final_project_schematics_5t_ota_schematic":[77],"vsource":[27,26,35],"nfet_01v8_lvt":[65],"XNOR_gate":[56,15],"EE_140_240A_Sp25_DigitalTop":[58,17],"capacitor":[6],"mux_switches":[68],"pe":[3],"SAR_DFF":[54,8],"OR2HDX0_dupe":[14,39],"pfet_g5v0d10v5":[73],"DREG_mockup":[29,45]},"cellviews":[["ee140_gsi","invr_dupe","schematic"],["PRIMLIB","ne","spectre"],["PRIMLIB","pe","spectre"],["ee140_gsi","NA2HDX0_dupe","schematic"],["ee140_gsi","clk_nonoverlapping","schematic"],["analogLib","cap","spectre"],["ee140_gsi","DFRRSHDX0_dupe","schematic"],["ee140_gsi","SAR_DFF","schematic"],["ee140_gsi","mux2_mockup","schematic"],["analogLib","switch","spectre"],["ee140_gsi","mux_mockup","schematic"],["ee140_gsi","AND2HDX0_dupe","schematic"],["ee140_gsi","nor2_dupe","schematic"],["ee140_gsi","OR2HDX0_dupe","schematic"],["ee140_gsi","XNOR_gate","schematic"],["ee140_gsi","SAR_FSM_HW","schematic"],["ee140_gsi","EE_140_240A_Sp25_DigitalTop","schematic"],["ee140_gsi","opamp_mockup","schematic"],["analogLib","vcvs","spectre"],["analogLib","res","spectre"],["ee140_gsi","switch2_mockup","schematic"],["ee140_gsi","capdac_mockup","schematic"],["ee140_gsi","ADC_mockup","schematic"],["ee140_gsi","PGA_mockup","schematic"],["ee140_gsi","BGR_mockup","schematic"],["analogLib","vpulse","spectre"],["analogLib","vdc","spectre"],["ee140_gsi","AREG_mockup","schematic"],["ee140_gsi","DREG_mockup","schematic"],["ee140_gsi","VBATDIV4_mockup","schematic"],["ee140_gsi","EE_140_240A_Sp25_Student_Submission","schematic"],["ee140_gsi","EE_140_240A_Sp25_System","schematic"],["sky130_fd_pr_main","nfet_01v8","spectre"],["analogLib","ipulse","spectre"],["analogLib","vsource","spectre"],["EE_140_240A_Final_Project","AND2HDX0_dupe","schematic"],["EE_140_240A_Final_Project","invr_dupe","schematic"],["EE_140_240A_Final_Project","nor2_dupe","schematic"],["EE_140_240A_Final_Project","OR2HDX0_dupe","schematic"],["EE_140_240A_Final_Project","opamp_mockup","schematic"],["EE_140_240A_Final_Project","PGA_mockup","schematic"],["EE_140_240A_Final_Project","mux_mockup","schematic"],["EE_140_240A_Final_Project","BGR_mockup","schematic"],["EE_140_240A_Final_Project","AREG_mockup","schematic"],["EE_140_240A_Final_Project","DREG_mockup","schematic"],["EE_140_240A_Final_Project","VBATDIV4_mockup","schematic"],["EE_140_240A_Final_Project","switch2_mockup","schematic"],["EE_140_240A_Final_Project","capdac_mockup","schematic"],["EE_140_240A_Final_Project","ADC_mockup","schematic"],["EE_140_240A_Final_Project","EE_140_240A_Sp25_Student_Submission","schematic"],["EE_140_240A_Final_Project","NA2HDX0_dupe","schematic"],["EE_140_240A_Final_Project","clk_nonoverlapping","schematic"],["EE_140_240A_Final_Project","DFRRSHDX0_dupe","schematic"],["EE_140_240A_Final_Project","SAR_DFF","schematic"],["EE_140_240A_Final_Project","mux2_mockup","schematic"],["EE_140_240A_Final_Project","XNOR_gate","schematic"],["EE_140_240A_Final_Project","SAR_FSM_HW","schematic"],["EE_140_240A_Final_Project","EE_140_240A_Sp25_DigitalTop","schematic"],["EE_140_240A_Final_Project","EE_140_240A_Sp25_System","schematic"],["final_project_schematics","2_stage_folded","schematic"],["sky130_fd_pr_main","pfet_01v8","spectre"],["final_project_schematics","pga_switches","schematic"],["Jiahui_project","buffer","schematic"],["sky130_fd_pr_main","pfet_01v8_lvt","spectre"],["sky130_fd_pr_main","nfet_01v8_lvt","spectre"],["Jiahui_project","comparator","schematic"],["EE_140_240A_Final_Project","switch2_mockup_non_ideal","schematic"],["final_project_schematics","mux_switches","schematic"],["final_project_schematics","strongarm","schematic"],["final_project_schematics","mux_mockup_non_ideal","schematic"],["EE_140_240A_Final_Project","Final-BGR","schematic"],["sky130_fd_pr_main","nfet_g5v0d10v5","spectre"],["sky130_fd_pr_main","pfet_g5v0d10v5","spectre"],["EE_140_240A_Final_Project","Final_5OTA_LDO","schematic"],["EE_140_240A_Final_Project","Final_LDO","schematic"],["EE_140_240A_Final_Project","Final_LDO_VDDDA","schematic"],["final_project_schematics","5t_ota","schematic"],["final_project_schematics","bgr","schematic"],["sky130_fd_pr_main","npn_05v5","spectre"],["EE_140_240A_Final_Project","Final-BGR-adcref","schematic"],["EE_140_240A_Final_Project","Final_5OTA_LDO-adc","schematic"],["analogLib","vccs","spectre"],["EE_140_240A_Final_Project","aaa-Final_LDO_VDDDA","schematic"],["final_project_schematics","fc_two_stage","schematic"],["analogLib","iprobe","spectre"]]}
